{"cameraMode":{"drawMode":0,"name":"Shaded","section":"Shading Mode"},"sceneLighting":true,"audioPlay":false,"sceneViewState":{"showFog":true,"showMaterialUpdate":false,"showSkybox":true,"showFlares":true,"showImageEffects":true,"showParticleSystems":true},"in2DMode":false,"pivot":{"x":249.43048095703126,"y":-2738.603515625,"z":6904.80029296875},"rotation":{"x":-0.19701245427131654,"y":-0.0023553832434117796,"z":0.0004735591937787831,"w":-0.9804003238677979},"size":4680.17724609375,"orthographic":false}