{"cameraMode":{"drawMode":0,"name":"Shaded","section":"Shading Mode"},"sceneLighting":true,"audioPlay":false,"sceneViewState":{"showFog":true,"showMaterialUpdate":false,"showSkybox":true,"showFlares":true,"showImageEffects":true,"showParticleSystems":true},"in2DMode":false,"pivot":{"x":425.43157958984377,"y":-814.28759765625,"z":1546.9039306640625},"rotation":{"x":0.28138357400894167,"y":0.021584047004580499,"z":-0.006331086158752441,"w":0.9593331217765808},"size":1509.29833984375,"orthographic":false}